<?xml version="1.0" encoding="UTF-8"?><?xml-stylesheet type='text/xsl' href='_UpgradeReport_Files/UpgradeReport.xslt'?><UpgradeLog>
<Properties><Property Name="Solution" Value="DTL Currency">
</Property><Property Name="Solution File" Value="C:\Users\user\Documents\Sources\currency\trunk\source\DTL Currency.sln">
</Property><Property Name="Date" Value="Friday, April 12, 2013">
</Property><Property Name="Time" Value="5:07 AM">
</Property></Properties><Event ErrorLevel="0" Project="" Source="DTL Currency.sln" Description="File successfully backed up as C:\Users\user\Documents\Sources\currency\trunk\source\Backup\DTL Currency.sln">
</Event><Event ErrorLevel="0" Project="OpenSim.Grid.MoneyServer" Source="OpenSim.Grid.MoneyServer\OpenSim.Grid.MoneyServer.csproj" Description="Project file successfully backed up as C:\Users\user\Documents\Sources\currency\trunk\source\Backup\OpenSim.Grid.MoneyServer\OpenSim.Grid.MoneyServer.csproj">
</Event><Event ErrorLevel="0" Project="OpenSim.Grid.MoneyServer" Source="OpenSim.Grid.MoneyServer\IMoneyDBService.cs" Description="File successfully backed up as C:\Users\user\Documents\Sources\currency\trunk\source\Backup\OpenSim.Grid.MoneyServer\IMoneyDBService.cs">
</Event><Event ErrorLevel="0" Project="OpenSim.Grid.MoneyServer" Source="OpenSim.Grid.MoneyServer\IMoneyServiceCore.cs" Description="File successfully backed up as C:\Users\user\Documents\Sources\currency\trunk\source\Backup\OpenSim.Grid.MoneyServer\IMoneyServiceCore.cs">
</Event><Event ErrorLevel="0" Project="OpenSim.Grid.MoneyServer" Source="OpenSim.Grid.MoneyServer\MoneyDBService.cs" Description="File successfully backed up as C:\Users\user\Documents\Sources\currency\trunk\source\Backup\OpenSim.Grid.MoneyServer\MoneyDBService.cs">
</Event><Event ErrorLevel="0" Project="OpenSim.Grid.MoneyServer" Source="OpenSim.Grid.MoneyServer\MoneyServerBase.cs" Description="File successfully backed up as C:\Users\user\Documents\Sources\currency\trunk\source\Backup\OpenSim.Grid.MoneyServer\MoneyServerBase.cs">
</Event><Event ErrorLevel="0" Project="OpenSim.Grid.MoneyServer" Source="OpenSim.Grid.MoneyServer\MoneyXmlRpcModule.cs" Description="File successfully backed up as C:\Users\user\Documents\Sources\currency\trunk\source\Backup\OpenSim.Grid.MoneyServer\MoneyXmlRpcModule.cs">
</Event><Event ErrorLevel="0" Project="OpenSim.Grid.MoneyServer" Source="OpenSim.Grid.MoneyServer\Program.cs" Description="File successfully backed up as C:\Users\user\Documents\Sources\currency\trunk\source\Backup\OpenSim.Grid.MoneyServer\Program.cs">
</Event><Event ErrorLevel="0" Project="OpenSim.Grid.MoneyServer" Source="OpenSim.Grid.MoneyServer\Properties\AssemblyInfo.cs" Description="File successfully backed up as C:\Users\user\Documents\Sources\currency\trunk\source\Backup\OpenSim.Grid.MoneyServer\Properties\AssemblyInfo.cs">
</Event><Event ErrorLevel="0" Project="OpenSim.Grid.MoneyServer" Source="OpenSim.Grid.MoneyServer\OpenSim.Grid.MoneyServer.csproj" Description="Project converted successfully">
</Event><Event ErrorLevel="3" Project="OpenSim.Grid.MoneyServer" Source="OpenSim.Grid.MoneyServer\OpenSim.Grid.MoneyServer.csproj" Description="Converted">
</Event><Event ErrorLevel="0" Project="OpenSim.Data.MySQL.MySQLMoneyDataWrapper" Source="OpenSim.Data.MySQL.MySQLMoneyDataWrapper\OpenSim.Data.MySQL.MySQLMoneyDataWrapper.csproj" Description="Project file successfully backed up as C:\Users\user\Documents\Sources\currency\trunk\source\Backup\OpenSim.Data.MySQL.MySQLMoneyDataWrapper\OpenSim.Data.MySQL.MySQLMoneyDataWrapper.csproj">
</Event><Event ErrorLevel="0" Project="OpenSim.Data.MySQL.MySQLMoneyDataWrapper" Source="OpenSim.Data.MySQL.MySQLMoneyDataWrapper\IMoneyManager.cs" Description="File successfully backed up as C:\Users\user\Documents\Sources\currency\trunk\source\Backup\OpenSim.Data.MySQL.MySQLMoneyDataWrapper\IMoneyManager.cs">
</Event><Event ErrorLevel="0" Project="OpenSim.Data.MySQL.MySQLMoneyDataWrapper" Source="OpenSim.Data.MySQL.MySQLMoneyDataWrapper\MySQLMoneyManager.cs" Description="File successfully backed up as C:\Users\user\Documents\Sources\currency\trunk\source\Backup\OpenSim.Data.MySQL.MySQLMoneyDataWrapper\MySQLMoneyManager.cs">
</Event><Event ErrorLevel="0" Project="OpenSim.Data.MySQL.MySQLMoneyDataWrapper" Source="OpenSim.Data.MySQL.MySQLMoneyDataWrapper\MySQLSuperManager.cs" Description="File successfully backed up as C:\Users\user\Documents\Sources\currency\trunk\source\Backup\OpenSim.Data.MySQL.MySQLMoneyDataWrapper\MySQLSuperManager.cs">
</Event><Event ErrorLevel="0" Project="OpenSim.Data.MySQL.MySQLMoneyDataWrapper" Source="OpenSim.Data.MySQL.MySQLMoneyDataWrapper\Properties\AssemblyInfo.cs" Description="File successfully backed up as C:\Users\user\Documents\Sources\currency\trunk\source\Backup\OpenSim.Data.MySQL.MySQLMoneyDataWrapper\Properties\AssemblyInfo.cs">
</Event><Event ErrorLevel="0" Project="OpenSim.Data.MySQL.MySQLMoneyDataWrapper" Source="OpenSim.Data.MySQL.MySQLMoneyDataWrapper\TransactionData.cs" Description="File successfully backed up as C:\Users\user\Documents\Sources\currency\trunk\source\Backup\OpenSim.Data.MySQL.MySQLMoneyDataWrapper\TransactionData.cs">
</Event><Event ErrorLevel="0" Project="OpenSim.Data.MySQL.MySQLMoneyDataWrapper" Source="OpenSim.Data.MySQL.MySQLMoneyDataWrapper\OpenSim.Data.MySQL.MySQLMoneyDataWrapper.csproj" Description="Project converted successfully">
</Event><Event ErrorLevel="3" Project="OpenSim.Data.MySQL.MySQLMoneyDataWrapper" Source="OpenSim.Data.MySQL.MySQLMoneyDataWrapper\OpenSim.Data.MySQL.MySQLMoneyDataWrapper.csproj" Description="Converted">
</Event><Event ErrorLevel="0" Project="OpenSim.Forge.Currency" Source="OpenSim.Forge.Currency\OpenSim.Forge.Currency.csproj" Description="Project file successfully backed up as C:\Users\user\Documents\Sources\currency\trunk\source\Backup\OpenSim.Forge.Currency\OpenSim.Forge.Currency.csproj">
</Event><Event ErrorLevel="0" Project="OpenSim.Forge.Currency" Source="OpenSim.Forge.Currency\MoneyModule.cs" Description="File successfully backed up as C:\Users\user\Documents\Sources\currency\trunk\source\Backup\OpenSim.Forge.Currency\MoneyModule.cs">
</Event><Event ErrorLevel="0" Project="OpenSim.Forge.Currency" Source="OpenSim.Forge.Currency\Properties\AssemblyInfo.cs" Description="File successfully backed up as C:\Users\user\Documents\Sources\currency\trunk\source\Backup\OpenSim.Forge.Currency\Properties\AssemblyInfo.cs">
</Event><Event ErrorLevel="0" Project="OpenSim.Forge.Currency" Source="OpenSim.Forge.Currency\OpenSim.Forge.Currency.csproj" Description="Project converted successfully">
</Event><Event ErrorLevel="3" Project="OpenSim.Forge.Currency" Source="OpenSim.Forge.Currency\OpenSim.Forge.Currency.csproj" Description="Converted">
</Event><Event ErrorLevel="0" Project="" Source="DTL Currency.sln" Description="Solution converted successfully">
</Event><Event ErrorLevel="3" Project="" Source="DTL Currency.sln" Description="Converted">
</Event><Event ErrorLevel="0" Project="OpenSim.Grid.MoneyServer" Source="OpenSim.Grid.MoneyServer\OpenSim.Grid.MoneyServer.csproj" Description="Scan complete: Upgrade not required for project files.">
</Event><Event ErrorLevel="0" Project="OpenSim.Data.MySQL.MySQLMoneyDataWrapper" Source="OpenSim.Data.MySQL.MySQLMoneyDataWrapper\OpenSim.Data.MySQL.MySQLMoneyDataWrapper.csproj" Description="Scan complete: Upgrade not required for project files.">
</Event><Event ErrorLevel="0" Project="OpenSim.Forge.Currency" Source="OpenSim.Forge.Currency\OpenSim.Forge.Currency.csproj" Description="Scan complete: Upgrade not required for project files.">
</Event></UpgradeLog>